<application>
  <component name="libraryTable">
    <library name="scala-sdk-2.10.4" type="Scala">
      <properties>
        <option name="languageLevel" value="Scala_2_10" />
        <compiler-classpath>
          <root url="file://$MAVEN_REPOSITORY$/org/scala-lang/scala-compiler/2.10.4/scala-compiler-2.10.4.jar" />
          <root url="file://$MAVEN_REPOSITORY$/org/scala-lang/scala-library/2.10.4/scala-library-2.10.4.jar" />
          <root url="file://$MAVEN_REPOSITORY$/org/scala-lang/scala-reflect/2.10.4/scala-reflect-2.10.4.jar" />
        </compiler-classpath>
      </properties>
      <CLASSES>
        <root url="jar://$MAVEN_REPOSITORY$/org/scala-lang/scala-library/2.10.4/scala-library-2.10.4.jar!/" />
        <root url="jar://$MAVEN_REPOSITORY$/org/scala-lang/scala-reflect/2.10.4/scala-reflect-2.10.4.jar!/" />
      </CLASSES>
      <JAVADOC>
        <root url="http://www.scala-lang.org/api/2.10.4/" />
      </JAVADOC>
      <SOURCES />
    </library>
  </component>
</application>