<application>
  <component name="CodeFoldingSettings">
    <option name="COLLAPSE_IMPORTS" value="false" />
    <option name="COLLAPSE_FILE_HEADER" value="false" />
  </component>
  <component name="EditorSettings">
    <option name="languageBreadcrumbsMap">
      <map>
        <entry key="JAVA" value="true" />
      </map>
    </option>
    <option name="IS_ENSURE_NEWLINE_AT_EOF" value="true" />
  </component>
  <component name="JavaCodeFoldingSettings">
    <option name="collapseConstructorGenericParameters" value="false" />
    <option name="collapseLambdas" value="false" />
  </component>
</application>