<application>
  <component name="FileTypeManager" version="17">
    <ignoreFiles list="*.hprof;*.iml;*.orig;*.pyc;*.pyo;*.rbc;*~;.DS_Store;.buckd;.git;.hg;.idea;.svn;CVS;RCS;SCCS;__pycache__;_svn;buck-out;intellij-out;rcs;vssver.scc;vssver2.scc;" />
    <extensionMap>
      <mapping pattern="TARGETS" type="Buck" />
      <removed_mapping ext="bzl" approved="true" type="Buck" />
      <mapping pattern="p" type="PLAIN_TEXT" />
      <mapping pattern="fsdf" type="PLAIN_TEXT" />
      <mapping pattern="foo" type="PLAIN_TEXT" />
      <mapping pattern="text_it" type="PLAIN_TEXT" />
      <mapping pattern="text_in" type="PLAIN_TEXT" />
      <mapping pattern="files-linux" type="PLAIN_TEXT" />
      <mapping pattern=".skycastleconfig" type="PLAIN_TEXT" />
      <mapping pattern="text_ru" type="PLAIN_TEXT" />
      <mapping pattern="duplicate-repo" type="PLAIN_TEXT" />
      <mapping pattern="empty" type="PLAIN_TEXT" />
      <mapping pattern="files-macos" type="PLAIN_TEXT" />
      <mapping pattern="text_pt_rpt" type="PLAIN_TEXT" />
      <mapping pattern="fds" type="PLAIN_TEXT" />
      <mapping pattern="text_es" type="PLAIN_TEXT" />
      <mapping pattern="simple" type="PLAIN_TEXT" />
      <mapping pattern="text_es_res" type="PLAIN_TEXT" />
      <mapping pattern="text_en" type="PLAIN_TEXT" />
      <mapping pattern="bad-vcs" type="PLAIN_TEXT" />
      <mapping pattern="text" type="PLAIN_TEXT" />
      <mapping pattern="translations" type="PLAIN_TEXT" />
      <mapping pattern="text_az" type="PLAIN_TEXT" />
      <mapping pattern="fasd" type="PLAIN_TEXT" />
      <mapping pattern="text_ar" type="PLAIN_TEXT" />
      <mapping pattern="LICENSE" type="PLAIN_TEXT" />
      <mapping pattern="CI" type="PLAIN_TEXT" />
      <mapping pattern="text_de" type="PLAIN_TEXT" />
      <mapping pattern="text_pt" type="PLAIN_TEXT" />
      <mapping pattern="skycastle/foo" type="PLAIN_TEXT" />
      <mapping ext="cgf" type="PLAIN_TEXT" />
      <mapping ext="proto" type="PLAIN_TEXT" />
      <mapping ext="test" type="PLAIN_TEXT" />
      <mapping ext="st" type="PLAIN_TEXT" />
      <mapping ext="mockmaker" type="PLAIN_TEXT" />
      <mapping ext="py" type="PLAIN_TEXT" />
      <removed_mapping ext="sky" approved="true" type="PLAIN_TEXT" />
      <removed_mapping ext="bzl" approved="true" type="Buck" />
      <removed_mapping ext="ci" approved="true" type="PLAIN_TEXT" />
      <mapping ext="ci" type="BUILD" />
      <mapping ext="sky" type="BUILD" />
    </extensionMap>
  </component>
</application>